Row 0: Col 0: 1.0, Col 1: 0.0, Col 2: 0.0, Col 3: 2.0, Target: 0.13305500149726868
Row 1: Col 0: 2.0, Col 1: 0.0, Col 2: 0.0, Col 3: 0.0, Target: 0.4333333373069763
Row 2: Col 0: 2.0, Col 1: 0.0, Col 2: 0.5, Col 3: 1.0, Target: 0.18170666694641113
Row 3: Col 0: 1.0, Col 1: 0.0, Col 2: 0.0, Col 3: 0.0, Target: 0.03333333507180214
Row 4: Col 0: 2.0, Col 1: 0.0, Col 2: 0.5, Col 3: 2.0, Target: 0.25
Row 5: Col 0: 0.0, Col 1: 0.0, Col 2: 1.0, Col 3: 2.0, Target: 0.11999999731779099
Row 6: Col 0: 2.0, Col 1: 0.0, Col 2: 1.0, Col 3: 0.0, Target: 0.3166666626930237
Row 7: Col 0: 1.0, Col 1: 0.0, Col 2: 0.5, Col 3: 2.0, Target: 0.059558331966400146
Row 8: Col 0: 1.0, Col 1: 0.0, Col 2: 1.0, Col 3: 2.0, Target: 0.22499999403953552
Row 9: Col 0: 2.0, Col 1: 0.0, Col 2: 0.5, Col 3: 0.0, Target: 0.2083333283662796
Row 10: Col 0: 0.0, Col 1: 0.0, Col 2: 0.0, Col 3: 0.0, Target: 0.08553499728441238
Row 11: Col 0: 1.0, Col 1: 0.0, Col 2: 0.0, Col 3: 2.0, Target: 0.06746833026409149
Row 12: Col 0: 0.0, Col 1: 0.0, Col 2: 0.0, Col 3: 1.0, Target: 0.06652666628360748
Row 13: Col 0: 1.0, Col 1: 0.0, Col 2: 1.0, Col 3: 2.0, Target: 0.14499999582767487
Row 14: Col 0: 1.0, Col 1: 0.0, Col 2: 1.0, Col 3: 2.0, Target: 0.14166666567325592
Row 15: Col 0: 1.0, Col 1: 0.0, Col 2: 0.5, Col 3: 2.0, Target: 0.013333333656191826
Row 16: Col 0: 0.0, Col 1: 0.0, Col 2: 1.0, Col 3: 0.0, Target: 0.06948166340589523
Row 17: Col 0: 2.0, Col 1: 0.0, Col 2: 1.0, Col 3: 0.0, Target: 0.19007833302021027
Row 18: Col 0: 0.0, Col 1: 0.0, Col 2: 0.5, Col 3: 1.0, Target: 0.009511666372418404
Row 19: Col 0: 1.0, Col 1: 0.0, Col 2: 1.0, Col 3: 1.0, Target: 0.09333333373069763
Row 20: Col 0: 1.0, Col 1: 0.0, Col 2: 0.0, Col 3: 1.0, Target: 0.07221833616495132
Row 21: Col 0: 1.0, Col 1: 0.0, Col 2: 1.0, Col 3: 2.0, Target: 0.010119999758899212
Row 22: Col 0: 2.0, Col 1: 0.0, Col 2: 0.5, Col 3: 2.0, Target: 0.07983166724443436
Row 23: Col 0: 1.0, Col 1: 0.0, Col 2: 0.0, Col 3: 1.0, Target: 0.16333332657814026
Row 24: Col 0: 1.0, Col 1: 0.0, Col 2: 0.0, Col 3: 2.0, Target: 0.19166666269302368
Row 25: Col 0: 3.0, Col 1: 0.0, Col 2: 1.0, Col 3: 2.0, Target: 0.5416666865348816
Row 26: Col 0: 0.0, Col 1: 0.0, Col 2: 0.5, Col 3: 2.0, Target: 0.07000000029802322
Row 27: Col 0: 2.0, Col 1: 0.0, Col 2: 0.0, Col 3: 0.0, Target: 0.05585166811943054
Row 28: Col 0: 0.0, Col 1: 1.0, Col 2: 1.0, Col 3: 2.0, Target: 0.1666666716337204
Row 29: Col 0: 2.0, Col 1: 0.0, Col 2: 0.5, Col 3: 2.0, Target: 0.19517333805561066
Row 30: Col 0: 1.0, Col 1: 0.0, Col 2: 1.0, Col 3: 0.0, Target: 0.09883833676576614
Row 31: Col 0: 0.0, Col 1: 0.0, Col 2: 1.0, Col 3: 2.0, Target: 0.11666666716337204
Row 32: Col 0: 2.0, Col 1: 0.0, Col 2: 1.0, Col 3: 2.0, Target: 0.11404666304588318
Row 33: Col 0: 1.0, Col 1: 0.0, Col 2: 0.0, Col 3: 1.0, Target: 0.75
Row 34: Col 0: 1.0, Col 1: 0.0, Col 2: 0.5, Col 3: 2.0, Target: 0.07793166488409042
Row 35: Col 0: 1.0, Col 1: 0.0, Col 2: 0.5, Col 3: 2.0, Target: 0.12354999780654907
Row 36: Col 0: 1.0, Col 1: 0.0, Col 2: 1.0, Col 3: 2.0, Target: 0.17166666686534882
Row 37: Col 0: 0.0, Col 1: 0.0, Col 2: 0.5, Col 3: 2.0, Target: 0.4166666567325592
Row 38: Col 0: 0.0, Col 1: 0.0, Col 2: 1.0, Col 3: 0.0, Target: 0.01666666753590107
Row 39: Col 0: 0.0, Col 1: 0.0, Col 2: 1.0, Col 3: 0.0, Target: 0.23000000417232513
Row 40: Col 0: 1.0, Col 1: 0.0, Col 2: 1.0, Col 3: 0.0, Target: 0.07626666873693466
Row 41: Col 0: 3.0, Col 1: 0.0, Col 2: 0.5, Col 3: 2.0, Target: 0.13305500149726868
Row 42: Col 0: 1.0, Col 1: 0.0, Col 2: 0.0, Col 3: 1.0, Target: 0.08363333344459534
Row 43: Col 0: 1.0, Col 1: 0.0, Col 2: 1.0, Col 3: 2.0, Target: 0.17666666209697723
Row 44: Col 0: 1.0, Col 1: 0.0, Col 2: 0.5, Col 3: 2.0, Target: 0.18811999261379242
Row 45: Col 0: 0.0, Col 1: 2.0, Col 2: 1.0, Col 3: 0.0, Target: 0.0266100000590086
Row 46: Col 0: 1.0, Col 1: 0.0, Col 2: 1.0, Col 3: 0.0, Target: 0.12826333940029144
Row 47: Col 0: 2.0, Col 1: 0.0, Col 2: 1.0, Col 3: 2.0, Target: 0.31333333253860474
Row 48: Col 0: 1.0, Col 1: 0.0, Col 2: 1.0, Col 3: 2.0, Target: 0.17499999701976776
Row 49: Col 0: 1.0, Col 1: 0.0, Col 2: 0.5, Col 3: 2.0, Target: 0.11689833551645279
Row 50: Col 0: 0.0, Col 1: 0.0, Col 2: 0.0, Col 3: 0.0, Target: 0.010119999758899212
Row 51: Col 0: 0.0, Col 1: 0.0, Col 2: 1.0, Col 3: 2.0, Target: 0.15166667103767395
Row 52: Col 0: 0.0, Col 1: 0.0, Col 2: 0.5, Col 3: 0.0, Target: 0.07649333029985428
Row 53: Col 0: 0.0, Col 1: 0.0, Col 2: 1.0, Col 3: 2.0, Target: 0.0912366658449173
Row 54: Col 0: 2.0, Col 1: 3.0, Col 2: 1.0, Col 3: 0.0, Target: 0.10000000149011612
Row 55: Col 0: 2.0, Col 1: 0.0, Col 2: 1.0, Col 3: 1.0, Target: 0.24710166454315186
Row 56: Col 0: 1.0, Col 1: 0.0, Col 2: 1.0, Col 3: 1.0, Target: 0.06462666392326355
Row 57: Col 0: 1.0, Col 1: 0.0, Col 2: 1.0, Col 3: 1.0, Target: 0.1966666728258133
Row 58: Col 0: 2.0, Col 1: 0.0, Col 2: 0.5, Col 3: 2.0, Target: 0.20000000298023224
Row 59: Col 0: 1.0, Col 1: 0.0, Col 2: 1.0, Col 3: 1.0, Target: 0.2305833399295807
Row 60: Col 0: 1.0, Col 1: 0.0, Col 2: 1.0, Col 3: 2.0, Target: 0.18333333730697632
Row 61: Col 0: 1.0, Col 1: 0.0, Col 2: 1.0, Col 3: 1.0, Target: 0.21799999475479126
Row 62: Col 0: 0.0, Col 1: 2.0, Col 2: 0.5, Col 3: 0.0, Target: 0.036114998161792755
Row 63: Col 0: 2.0, Col 1: 0.0, Col 2: 1.0, Col 3: 2.0, Target: 0.6866666674613953
Row 64: Col 0: 2.0, Col 1: 0.0, Col 2: 1.0, Col 3: 0.0, Target: 0.07603000104427338
Row 65: Col 0: 0.0, Col 1: 0.0, Col 2: 0.5, Col 3: 0.0, Target: 0.10454333573579788
Row 66: Col 0: 0.0, Col 1: 0.0, Col 2: 0.0, Col 3: 0.0, Target: 0.08211333304643631
Row 67: Col 0: 2.0, Col 1: 0.0, Col 2: 1.0, Col 3: 1.0, Target: 0.31700000166893005
Row 68: Col 0: 0.0, Col 1: 0.0, Col 2: 1.0, Col 3: 0.0, Target: 0.17499999701976776
Row 69: Col 0: 2.0, Col 1: 0.0, Col 2: 0.0, Col 3: 0.0, Target: 0.15206167101860046
Row 70: Col 0: 1.0, Col 1: 0.0, Col 2: 0.5, Col 3: 0.0, Target: 0.10454333573579788
Row 71: Col 0: 1.0, Col 1: 0.0, Col 2: 0.5, Col 3: 0.0, Target: 0.07032833248376846
Row 72: Col 0: 0.0, Col 1: 0.0, Col 2: 0.5, Col 3: 2.0, Target: 0.13754667341709137
Row 73: Col 0: 3.0, Col 1: 0.0, Col 2: 1.0, Col 3: 2.0, Target: 0.25
Row 74: Col 0: 3.0, Col 1: 0.0, Col 2: 1.0, Col 3: 2.0, Target: 0.3916666805744171
Row 75: Col 0: 2.0, Col 1: 0.0, Col 2: 0.5, Col 3: 2.0, Target: 0.0886533334851265
Row 76: Col 0: 1.0, Col 1: 0.0, Col 2: 1.0, Col 3: 1.0, Target: 0.1666666716337204
Row 77: Col 0: 1.0, Col 1: 2.0, Col 2: 0.5, Col 3: 1.0, Target: 0.00901500042527914
Row 78: Col 0: 1.0, Col 1: 1.0, Col 2: 1.0, Col 3: 2.0, Target: 0.44999998807907104
Row 79: Col 0: 0.0, Col 1: 0.0, Col 2: 1.0, Col 3: 1.0, Target: 0.13333334028720856
Row 80: Col 0: 2.0, Col 1: 0.0, Col 2: 1.0, Col 3: 2.0, Target: 0.13199500739574432
Row 81: Col 0: 1.0, Col 1: 0.0, Col 2: 1.0, Col 3: 2.0, Target: 0.23333333432674408
Row 82: Col 0: 1.0, Col 1: 0.0, Col 2: 0.5, Col 3: 2.0, Target: 0.09039666503667831
Row 83: Col 0: 1.0, Col 1: 0.0, Col 2: 1.0, Col 3: 0.0, Target: 0.07880333065986633
Row 84: Col 0: 3.0, Col 1: 0.0, Col 2: 1.0, Col 3: 2.0, Target: 0.25611168146133423
Row 85: Col 0: 1.0, Col 1: 0.0, Col 2: 1.0, Col 3: 2.0, Target: 0.04746000096201897
Row 86: Col 0: 0.0, Col 1: 0.0, Col 2: 0.5, Col 3: 1.0, Target: 0.09850333631038666
Row 87: Col 0: 1.0, Col 1: 0.0, Col 2: 1.0, Col 3: 2.0, Target: 0.18333333730697632
Row 88: Col 0: 2.0, Col 1: 0.0, Col 2: 1.0, Col 3: 2.0, Target: 0.28333333134651184
Row 89: Col 0: 2.0, Col 1: 0.0, Col 2: 1.0, Col 3: 0.0, Target: 0.13333334028720856
Row 90: Col 0: 2.0, Col 1: 0.0, Col 2: 1.0, Col 3: 2.0, Target: 0.1477566659450531
Row 91: Col 0: 0.0, Col 1: 0.0, Col 2: 1.0, Col 3: 0.0, Target: 0.12805500626564026
Row 92: Col 0: 1.0, Col 1: 0.0, Col 2: 1.0, Col 3: 2.0, Target: 0.0326816663146019
Row 93: Col 0: 2.0, Col 1: 0.0, Col 2: 0.0, Col 3: 2.0, Target: 0.46000000834465027
Row 94: Col 0: 0.0, Col 1: 0.0, Col 2: 0.5, Col 3: 2.0, Target: 0.049584999680519104
Row 95: Col 0: 1.0, Col 1: 0.0, Col 2: 0.5, Col 3: 2.0, Target: 0.1488233357667923
Row 96: Col 0: 0.0, Col 1: 2.0, Col 2: 1.0, Col 3: 0.0, Target: 0.019999999552965164
Row 97: Col 0: 1.0, Col 1: 0.0, Col 2: 1.0, Col 3: 2.0, Target: 0.75
Row 98: Col 0: 0.0, Col 1: 0.0, Col 2: 1.0, Col 3: 1.0, Target: 0.11666666716337204
Row 99: Col 0: 1.0, Col 1: 0.0, Col 2: 1.0, Col 3: 0.0, Target: 0.1595766693353653
Row 100: Col 0: 1.0, Col 1: 0.0, Col 2: 0.0, Col 3: 2.0, Target: 0.125
Row 101: Col 0: 2.0, Col 1: 0.0, Col 2: 1.0, Col 3: 2.0, Target: 0.25
Row 102: Col 0: 1.0, Col 1: 0.0, Col 2: 0.5, Col 3: 2.0, Target: 0.06043166667222977
Row 103: Col 0: 1.0, Col 1: 0.0, Col 2: 0.0, Col 3: 2.0, Target: 0.10333333164453506
Row 104: Col 0: 1.0, Col 1: 0.0, Col 2: 0.0, Col 3: 2.0, Target: 0.12166666984558105
Row 105: Col 0: 1.0, Col 1: 0.0, Col 2: 0.5, Col 3: 2.0, Target: 0.08586499840021133
Row 106: Col 0: 1.0, Col 1: 0.0, Col 2: 1.0, Col 3: 2.0, Target: 0.3124033212661743
Row 107: Col 0: 2.0, Col 1: 0.0, Col 2: 1.0, Col 3: 0.0, Target: 0.19166666269302368
Row 108: Col 0: 2.0, Col 1: 0.0, Col 2: 1.0, Col 3: 1.0, Target: 0.25
Row 109: Col 0: 0.0, Col 1: 0.0, Col 2: 1.0, Col 3: 2.0, Target: 0.05071333423256874
Row 110: Col 0: 2.0, Col 1: 0.0, Col 2: 0.5, Col 3: 2.0, Target: 0.15760666131973267
Row 111: Col 0: 2.0, Col 1: 0.0, Col 2: 1.0, Col 3: 1.0, Target: 0.18912667036056519
Row 112: Col 0: 2.0, Col 1: 0.0, Col 2: 1.0, Col 3: 0.0, Target: 0.1719333380460739
Row 113: Col 0: 0.0, Col 1: 2.0, Col 2: 1.0, Col 3: 1.0, Target: 0.019999999552965164
Row 114: Col 0: 1.0, Col 1: 0.0, Col 2: 1.0, Col 3: 2.0, Target: 0.07565166801214218
Row 115: Col 0: 0.0, Col 1: 0.0, Col 2: 1.0, Col 3: 2.0, Target: 0.375
Row 116: Col 0: 1.0, Col 1: 0.0, Col 2: 1.0, Col 3: 2.0, Target: 0.0833333358168602
Row 117: Col 0: 1.0, Col 1: 0.0, Col 2: 1.0, Col 3: 1.0, Target: 0.06698166579008102
Row 118: Col 0: 0.0, Col 1: 0.0, Col 2: 1.0, Col 3: 0.0, Target: 0.15000000596046448
Row 119: Col 0: 1.0, Col 1: 0.0, Col 2: 1.0, Col 3: 2.0, Target: 0.3333333432674408
Row 120: Col 0: 1.0, Col 1: 0.0, Col 2: 0.5, Col 3: 1.0, Target: 0.10000000149011612
Row 121: Col 0: 2.0, Col 1: 0.0, Col 2: 1.0, Col 3: 1.0, Target: 0.3333333432674408
Row 122: Col 0: 0.0, Col 1: 0.0, Col 2: 1.0, Col 3: 1.0, Target: 0.0833333358168602
Row 123: Col 0: 0.0, Col 1: 0.0, Col 2: 0.0, Col 3: 2.0, Target: 0.18339499831199646
Row 124: Col 0: 0.0, Col 1: 2.0, Col 2: 0.5, Col 3: 1.0, Target: 0.017256665974855423
Row 125: Col 0: 1.0, Col 1: 0.0, Col 2: 1.0, Col 3: 2.0, Target: 0.2516666650772095
Row 126: Col 0: 2.0, Col 1: 0.0, Col 2: 0.5, Col 3: 0.0, Target: 0.20000000298023224
Row 127: Col 0: 1.0, Col 1: 0.0, Col 2: 0.0, Col 3: 0.0, Target: 0.01577666588127613
Row 128: Col 0: 0.0, Col 1: 0.0, Col 2: 1.0, Col 3: 0.0, Target: 0.03333333507180214
Row 129: Col 0: 2.0, Col 1: 0.0, Col 2: 0.5, Col 3: 2.0, Target: 0.06761666387319565
Row 130: Col 0: 0.0, Col 1: 0.0, Col 2: 0.5, Col 3: 0.0, Target: 0.1666666716337204
Row 131: Col 0: 0.0, Col 1: 0.0, Col 2: 0.5, Col 3: 1.0, Target: 0.0827433317899704
Row 132: Col 0: 1.0, Col 1: 0.0, Col 2: 1.0, Col 3: 1.0, Target: 0.06400000303983688
Row 133: Col 0: 2.0, Col 1: 0.0, Col 2: 1.0, Col 3: 1.0, Target: 0.03999999910593033
Row 134: Col 0: 0.0, Col 1: 0.0, Col 2: 0.0, Col 3: 0.0, Target: 0.1666666716337204
Row 135: Col 0: 1.0, Col 1: 0.0, Col 2: 1.0, Col 3: 1.0, Target: 0.15000000596046448
Row 136: Col 0: 1.0, Col 1: 0.0, Col 2: 0.5, Col 3: 0.0, Target: 0.10618499666452408
Row 137: Col 0: 1.0, Col 1: 0.0, Col 2: 0.5, Col 3: 0.0, Target: 0.12894000113010406
Row 138: Col 0: 2.0, Col 1: 0.0, Col 2: 0.0, Col 3: 2.0, Target: 0.36666667461395264
Row 139: Col 0: 0.0, Col 1: 0.0, Col 2: 1.0, Col 3: 1.0, Target: 0.13333334028720856
Row 140: Col 0: 1.0, Col 1: 0.0, Col 2: 1.0, Col 3: 2.0, Target: 0.22499999403953552
Row 141: Col 0: 2.0, Col 1: 0.0, Col 2: 0.0, Col 3: 2.0, Target: 0.4000000059604645
Row 142: Col 0: 2.0, Col 1: 0.0, Col 2: 0.0, Col 3: 2.0, Target: 0.25
Row 143: Col 0: 1.0, Col 1: 0.0, Col 2: 1.0, Col 3: 0.0, Target: 0.13750000298023224
Row 144: Col 0: 1.0, Col 1: 0.0, Col 2: 1.0, Col 3: 2.0, Target: 0.1666666716337204
Row 145: Col 0: 2.0, Col 1: 0.0, Col 2: 0.5, Col 3: 1.0, Target: 0.13790667057037354
Row 146: Col 0: 1.0, Col 1: 0.0, Col 2: 0.5, Col 3: 1.0, Target: 0.10441499948501587
Row 147: Col 0: 1.0, Col 1: 0.0, Col 2: 1.0, Col 3: 2.0, Target: 0.15000000596046448
Row 148: Col 0: 2.0, Col 1: 0.0, Col 2: 1.0, Col 3: 2.0, Target: 0.2549999952316284
Row 149: Col 0: 2.0, Col 1: 0.0, Col 2: 1.0, Col 3: 0.0, Target: 0.2666666805744171
Row 150: Col 0: 2.0, Col 1: 0.0, Col 2: 0.0, Col 3: 0.0, Target: 0.2800000011920929
Row 151: Col 0: 1.0, Col 1: 0.0, Col 2: 1.0, Col 3: 1.0, Target: 0.25
Row 152: Col 0: 1.0, Col 1: 0.0, Col 2: 1.0, Col 3: 2.0, Target: 0.1262899935245514
Row 153: Col 0: 0.0, Col 1: 0.0, Col 2: 1.0, Col 3: 2.0, Target: 0.022333333268761635
Row 154: Col 0: 2.0, Col 1: 0.0, Col 2: 1.0, Col 3: 2.0, Target: 0.23999999463558197
Row 155: Col 0: 2.0, Col 1: 0.0, Col 2: 0.5, Col 3: 2.0, Target: 0.21203500032424927
Row 156: Col 0: 1.0, Col 1: 0.0, Col 2: 1.0, Col 3: 1.0, Target: 0.19843167066574097
Row 157: Col 0: 1.0, Col 1: 0.0, Col 2: 0.5, Col 3: 2.0, Target: 0.7049999833106995
Row 158: Col 0: 2.0, Col 1: 0.0, Col 2: 1.0, Col 3: 1.0, Target: 0.20000000298023224
Row 159: Col 0: 0.0, Col 1: 0.0, Col 2: 1.0, Col 3: 0.0, Target: 0.2083333283662796
Row 160: Col 0: 3.0, Col 1: 0.0, Col 2: 0.5, Col 3: 2.0, Target: 0.38333332538604736
Row 161: Col 0: 3.0, Col 1: 0.0, Col 2: 0.0, Col 3: 1.0, Target: 0.14166666567325592
Row 162: Col 0: 1.0, Col 1: 0.0, Col 2: 0.5, Col 3: 2.0, Target: 0.047281667590141296
Row 163: Col 0: 0.0, Col 1: 0.0, Col 2: 0.5, Col 3: 2.0, Target: 0.1063850000500679
Row 164: Col 0: 3.0, Col 1: 0.0, Col 2: 0.5, Col 3: 1.0, Target: 0.21671000123023987
Row 165: Col 0: 2.0, Col 1: 0.0, Col 2: 1.0, Col 3: 2.0, Target: 0.2750000059604645
Row 166: Col 0: 0.0, Col 1: 0.0, Col 2: 1.0, Col 3: 2.0, Target: 0.13333334028720856
Row 167: Col 0: 3.0, Col 1: 0.0, Col 2: 0.0, Col 3: 2.0, Target: 0.4166666567325592
Row 168: Col 0: 0.0, Col 1: 0.0, Col 2: 0.5, Col 3: 0.0, Target: 0.09166666865348816
Row 169: Col 0: 1.0, Col 1: 0.0, Col 2: 1.0, Col 3: 2.0, Target: 0.25
Row 170: Col 0: 1.0, Col 1: 0.0, Col 2: 1.0, Col 3: 2.0, Target: 0.28333333134651184
Row 171: Col 0: 1.0, Col 1: 0.0, Col 2: 1.0, Col 3: 2.0, Target: 0.13754667341709137
Row 172: Col 0: 0.0, Col 1: 0.0, Col 2: 1.0, Col 3: 0.0, Target: 0.10000000149011612
Row 173: Col 0: 2.0, Col 1: 0.0, Col 2: 1.0, Col 3: 2.0, Target: 0.3916666805744171
Row 174: Col 0: 2.0, Col 1: 0.0, Col 2: 0.5, Col 3: 2.0, Target: 0.101261667907238
Row 175: Col 0: 2.0, Col 1: 0.0, Col 2: 1.0, Col 3: 2.0, Target: 0.28999999165534973
Row 176: Col 0: 1.0, Col 1: 0.0, Col 2: 0.0, Col 3: 0.0, Target: 0.004765000194311142
Row 177: Col 0: 1.0, Col 1: 0.0, Col 2: 1.0, Col 3: 2.0, Target: 0.06673000007867813
Row 178: Col 0: 0.0, Col 1: 0.0, Col 2: 0.5, Col 3: 0.0, Target: 0.13500000536441803
Row 179: Col 0: 1.0, Col 1: 0.0, Col 2: 1.0, Col 3: 0.0, Target: 0.009464999660849571
Row 180: Col 0: 1.0, Col 1: 0.0, Col 2: 0.0, Col 3: 2.0, Target: 0.03768499940633774
Row 181: Col 0: 1.0, Col 1: 0.0, Col 2: 0.5, Col 3: 2.0, Target: 0.1512233316898346
Row 182: Col 0: 1.0, Col 1: 0.0, Col 2: 0.0, Col 3: 2.0, Target: 0.04334166646003723
Row 183: Col 0: 2.0, Col 1: 0.0, Col 2: 0.5, Col 3: 2.0, Target: 0.10316000133752823
Row 184: Col 0: 1.0, Col 1: 3.0, Col 2: 0.5, Col 3: 1.0, Target: 0.019999999552965164
Row 185: Col 0: 1.0, Col 1: 0.0, Col 2: 1.0, Col 3: 1.0, Target: 0.006666666828095913
Row 186: Col 0: 2.0, Col 1: 0.0, Col 2: 1.0, Col 3: 1.0, Target: 0.0833333358168602
Row 187: Col 0: 3.0, Col 1: 0.0, Col 2: 1.0, Col 3: 0.0, Target: 0.11623500287532806
Row 188: Col 0: 2.0, Col 1: 0.0, Col 2: 0.5, Col 3: 0.0, Target: 0.12805500626564026
Row 189: Col 0: 1.0, Col 1: 0.0, Col 2: 0.5, Col 3: 0.0, Target: 0.12333333492279053
Row 190: Col 0: 2.0, Col 1: 0.0, Col 2: 1.0, Col 3: 2.0, Target: 0.25333333015441895
Row 191: Col 0: 0.0, Col 1: 0.0, Col 2: 0.5, Col 3: 1.0, Target: 0.03640666604042053
Row 192: Col 0: 1.0, Col 1: 0.0, Col 2: 0.0, Col 3: 0.0, Target: 0.029999999329447746
Row 193: Col 0: 2.0, Col 1: 0.0, Col 2: 1.0, Col 3: 2.0, Target: 0.28999999165534973
Row 194: Col 0: 2.0, Col 1: 0.0, Col 2: 0.5, Col 3: 2.0, Target: 0.16018833220005035
Row 195: Col 0: 1.0, Col 1: 0.0, Col 2: 0.5, Col 3: 2.0, Target: 0.24500000476837158
Row 196: Col 0: 0.0, Col 1: 0.0, Col 2: 1.0, Col 3: 0.0, Target: 0.015453333035111427
Row 197: Col 0: 2.0, Col 1: 0.0, Col 2: 1.0, Col 3: 2.0, Target: 0.04056999832391739
Row 198: Col 0: 2.0, Col 1: 0.0, Col 2: 0.5, Col 3: 2.0, Target: 0.0901566669344902
Row 199: Col 0: 0.0, Col 1: 0.0, Col 2: 1.0, Col 3: 0.0, Target: 0.15000000596046448
Row 200: Col 0: 1.0, Col 1: 0.0, Col 2: 0.5, Col 3: 1.0, Target: 0.10244499891996384
Row 201: Col 0: 2.0, Col 1: 0.0, Col 2: 1.0, Col 3: 1.0, Target: 0.32499998807907104
Row 202: Col 0: 1.0, Col 1: 0.0, Col 2: 1.0, Col 3: 2.0, Target: 0.06304166465997696
Row 203: Col 0: 2.0, Col 1: 0.0, Col 2: 1.0, Col 3: 0.0, Target: 0.0833333358168602
Row 204: Col 0: 1.0, Col 1: 0.0, Col 2: 1.0, Col 3: 2.0, Target: 0.2666666805744171
Row 205: Col 0: 1.0, Col 1: 0.0, Col 2: 0.0, Col 3: 0.0, Target: 0.02150166593492031
Row 206: Col 0: 2.0, Col 1: 0.0, Col 2: 1.0, Col 3: 2.0, Target: 0.3333333432674408
Row 207: Col 0: 2.0, Col 1: 0.0, Col 2: 0.0, Col 3: 1.0, Target: 0.2750000059604645
Row 208: Col 0: 1.0, Col 1: 3.0, Col 2: 0.0, Col 3: 2.0, Target: 0.03333333507180214
Row 209: Col 0: 2.0, Col 1: 0.0, Col 2: 0.0, Col 3: 2.0, Target: 0.20000000298023224
Row 210: Col 0: 1.0, Col 1: 0.0, Col 2: 0.5, Col 3: 2.0, Target: 0.0413716658949852
Row 211: Col 0: 1.0, Col 1: 0.0, Col 2: 0.5, Col 3: 0.0, Target: 0.09456333518028259
Row 212: Col 0: 1.0, Col 1: 0.0, Col 2: 0.5, Col 3: 0.0, Target: 0.11003666371107101
Row 213: Col 0: 0.0, Col 1: 0.0, Col 2: 0.0, Col 3: 2.0, Target: 0.009803333319723606
Row 214: Col 0: 0.0, Col 1: 0.0, Col 2: 0.5, Col 3: 1.0, Target: 0.0413716658949852
Row 215: Col 0: 2.0, Col 1: 0.0, Col 2: 1.0, Col 3: 2.0, Target: 0.3083333373069763
Row 216: Col 0: 0.0, Col 1: 2.0, Col 2: 0.5, Col 3: 0.0, Target: 0.047681666910648346
Row 217: Col 0: 1.0, Col 1: 0.0, Col 2: 0.5, Col 3: 2.0, Target: 0.1512233316898346
Row 218: Col 0: 1.0, Col 1: 0.0, Col 2: 1.0, Col 3: 1.0, Target: 0.1477566659450531
Row 219: Col 0: 2.0, Col 1: 0.0, Col 2: 1.0, Col 3: 2.0, Target: 0.23333333432674408
Row 220: Col 0: 1.0, Col 1: 0.0, Col 2: 1.0, Col 3: 2.0, Target: 0.0776616632938385
Row 221: Col 0: 1.0, Col 1: 0.0, Col 2: 0.5, Col 3: 2.0, Target: 0.1948566734790802
Row 222: Col 0: 1.0, Col 1: 0.0, Col 2: 0.0, Col 3: 1.0, Target: 0.05634666606783867
Row 223: Col 0: 1.0, Col 1: 0.0, Col 2: 0.5, Col 3: 2.0, Target: 0.09375999867916107
Row 224: Col 0: 2.0, Col 1: 0.0, Col 2: 1.0, Col 3: 2.0, Target: 0.375
Row 225: Col 0: 3.0, Col 1: 1.0, Col 2: 1.0, Col 3: 0.0, Target: 0.6933333277702332
Row 226: Col 0: 2.0, Col 1: 0.0, Col 2: 1.0, Col 3: 0.0, Target: 0.14622999727725983
Row 227: Col 0: 1.0, Col 1: 0.0, Col 2: 0.5, Col 3: 2.0, Target: 0.1477566659450531
Row 228: Col 0: 2.0, Col 1: 0.0, Col 2: 0.0, Col 3: 2.0, Target: 0.22499999403953552
Row 229: Col 0: 2.0, Col 1: 0.0, Col 2: 1.0, Col 3: 1.0, Target: 0.11964333057403564
Row 230: Col 0: 0.0, Col 1: 0.0, Col 2: 1.0, Col 3: 2.0, Target: 0.02704666741192341
Row 231: Col 0: 2.0, Col 1: 0.0, Col 2: 1.0, Col 3: 0.0, Target: 0.4266666769981384
Row 232: Col 0: 2.0, Col 1: 0.0, Col 2: 1.0, Col 3: 2.0, Target: 0.3333333432674408
Row 233: Col 0: 2.0, Col 1: 0.0, Col 2: 1.0, Col 3: 2.0, Target: 0.3333333432674408
Row 234: Col 0: 1.0, Col 1: 0.0, Col 2: 1.0, Col 3: 2.0, Target: 0.30000001192092896
Row 235: Col 0: 1.0, Col 1: 0.0, Col 2: 0.0, Col 3: 0.0, Target: 0.18333333730697632
Row 236: Col 0: 1.0, Col 1: 0.0, Col 2: 1.0, Col 3: 1.0, Target: 0.10634999722242355
Row 237: Col 0: 1.0, Col 1: 0.0, Col 2: 1.0, Col 3: 1.0, Target: 0.07801499962806702
Row 238: Col 0: 0.0, Col 1: 0.0, Col 2: 0.0, Col 3: 1.0, Target: 0.006666666828095913
Row 239: Col 0: 0.0, Col 1: 0.0, Col 2: 0.5, Col 3: 1.0, Target: 0.036061666905879974
Row 240: Col 0: 2.0, Col 1: 0.0, Col 2: 1.0, Col 3: 2.0, Target: 0.17281833291053772
Row 241: Col 0: 1.0, Col 1: 0.0, Col 2: 1.0, Col 3: 2.0, Target: 0.13333334028720856
Row 242: Col 0: 1.0, Col 1: 0.0, Col 2: 1.0, Col 3: 2.0, Target: 0.18333333730697632
Row 243: Col 0: 2.0, Col 1: 0.0, Col 2: 1.0, Col 3: 2.0, Target: 0.2750000059604645
Row 244: Col 0: 0.0, Col 1: 0.0, Col 2: 1.0, Col 3: 0.0, Target: 0.030088333413004875
Row 245: Col 0: 1.0, Col 1: 0.0, Col 2: 0.5, Col 3: 2.0, Target: 0.1203533336520195
Row 246: Col 0: 0.0, Col 1: 0.0, Col 2: 0.5, Col 3: 2.0, Target: 0.061071667820215225
Row 247: Col 0: 1.0, Col 1: 0.0, Col 2: 0.0, Col 3: 1.0, Target: 0.020171666517853737
Row 248: Col 0: 2.0, Col 1: 0.0, Col 2: 0.5, Col 3: 2.0, Target: 0.16046999394893646
Row 249: Col 0: 2.0, Col 1: 0.0, Col 2: 1.0, Col 3: 1.0, Target: 0.28333333134651184
Row 250: Col 0: 1.0, Col 1: 0.0, Col 2: 0.5, Col 3: 2.0, Target: 0.19166666269302368
Row 251: Col 0: 0.0, Col 1: 0.0, Col 2: 1.0, Col 3: 0.0, Target: 0.15000000596046448
Row 252: Col 0: 3.0, Col 1: 0.0, Col 2: 1.0, Col 3: 2.0, Target: 1.0
Row 253: Col 0: 0.0, Col 1: 0.0, Col 2: 1.0, Col 3: 1.0, Target: 0.04733166843652725
Row 254: Col 0: 1.0, Col 1: 0.0, Col 2: 1.0, Col 3: 2.0, Target: 0.1550000011920929
Row 255: Col 0: 2.0, Col 1: 0.0, Col 2: 0.5, Col 3: 1.0, Target: 0.16617166996002197
Row 256: Col 0: 1.0, Col 1: 0.0, Col 2: 1.0, Col 3: 2.0, Target: 0.3333333432674408
Row 257: Col 0: 2.0, Col 1: 0.0, Col 2: 1.0, Col 3: 1.0, Target: 0.2896033227443695
Row 258: Col 0: 2.0, Col 1: 0.0, Col 2: 0.5, Col 3: 2.0, Target: 0.3083333373069763
Row 259: Col 0: 3.0, Col 1: 0.0, Col 2: 0.0, Col 3: 2.0, Target: 0.2364100068807602
Row 260: Col 0: 1.0, Col 1: 0.0, Col 2: 0.5, Col 3: 2.0, Target: 0.21666666865348816
Row 261: Col 0: 2.0, Col 1: 0.0, Col 2: 0.5, Col 3: 2.0, Target: 0.1063850000500679
Row 262: Col 0: 1.0, Col 1: 0.0, Col 2: 1.0, Col 3: 0.0, Target: 0.028173333033919334
Row 263: Col 0: 2.0, Col 1: 0.0, Col 2: 0.0, Col 3: 2.0, Target: 0.1104416698217392
Row 264: Col 0: 1.0, Col 1: 0.0, Col 2: 1.0, Col 3: 0.0, Target: 0.04255333170294762
Row 265: Col 0: 2.0, Col 1: 0.0, Col 2: 0.5, Col 3: 0.0, Target: 0.2666666805744171
Row 266: Col 0: 1.0, Col 1: 0.0, Col 2: 0.0, Col 3: 1.0, Target: 0.15524999797344208
Row 267: Col 0: 1.0, Col 1: 0.0, Col 2: 0.0, Col 3: 1.0, Target: 0.1862916648387909
Row 268: Col 0: 1.0, Col 1: 0.0, Col 2: 1.0, Col 3: 1.0, Target: 0.046693332493305206
Row 269: Col 0: 0.0, Col 1: 0.0, Col 2: 0.5, Col 3: 1.0, Target: 0.10835500061511993
Row 270: Col 0: 0.0, Col 1: 0.0, Col 2: 1.0, Col 3: 2.0, Target: 0.12083332985639572
Row 271: Col 0: 2.0, Col 1: 0.0, Col 2: 0.0, Col 3: 1.0, Target: 0.03151166811585426
Row 272: Col 0: 0.0, Col 1: 0.0, Col 2: 0.0, Col 3: 2.0, Target: 0.12805500626564026
Row 273: Col 0: 0.0, Col 1: 0.0, Col 2: 1.0, Col 3: 0.0, Target: 0.14166666567325592
Row 274: Col 0: 2.0, Col 1: 0.0, Col 2: 0.5, Col 3: 1.0, Target: 0.12947332859039307
Row 275: Col 0: 0.0, Col 1: 0.0, Col 2: 1.0, Col 3: 1.0, Target: 0.1666666716337204
Row 276: Col 0: 0.0, Col 1: 0.0, Col 2: 0.5, Col 3: 2.0, Target: 0.09666666388511658
Row 277: Col 0: 2.0, Col 1: 0.0, Col 2: 1.0, Col 3: 2.0, Target: 0.09166666865348816
Row 278: Col 0: 2.0, Col 1: 0.0, Col 2: 0.5, Col 3: 2.0, Target: 0.03361833468079567
Row 279: Col 0: 0.0, Col 1: 0.0, Col 2: 1.0, Col 3: 2.0, Target: 0.09850333631038666
Row 280: Col 0: 1.0, Col 1: 0.0, Col 2: 1.0, Col 3: 2.0, Target: 0.18666666746139526
Row 281: Col 0: 0.0, Col 1: 0.0, Col 2: 0.0, Col 3: 2.0, Target: 0.1666666716337204
Row 282: Col 0: 1.0, Col 1: 2.0, Col 2: 1.0, Col 3: 2.0, Target: 0.11623500287532806
Row 283: Col 0: 2.0, Col 1: 1.0, Col 2: 1.0, Col 3: 1.0, Target: 0.17499999701976776
Row 284: Col 0: 1.0, Col 1: 0.0, Col 2: 0.5, Col 3: 2.0, Target: 0.11666499823331833
Row 285: Col 0: 2.0, Col 1: 0.0, Col 2: 0.5, Col 3: 2.0, Target: 0.15777499973773956
Row 286: Col 0: 2.0, Col 1: 0.0, Col 2: 1.0, Col 3: 2.0, Target: 0.17139832675457
Row 287: Col 0: 1.0, Col 1: 0.0, Col 2: 0.5, Col 3: 2.0, Target: 0.18166667222976685
Row 288: Col 0: 1.0, Col 1: 0.0, Col 2: 0.5, Col 3: 2.0, Target: 0.08510666340589523
Row 289: Col 0: 2.0, Col 1: 0.0, Col 2: 1.0, Col 3: 1.0, Target: 0.22499999403953552
Row 290: Col 0: 2.0, Col 1: 0.0, Col 2: 1.0, Col 3: 1.0, Target: 0.25833332538604736
Row 291: Col 0: 2.0, Col 1: 0.0, Col 2: 1.0, Col 3: 1.0, Target: 0.20100000500679016
Row 292: Col 0: 1.0, Col 1: 0.0, Col 2: 0.0, Col 3: 1.0, Target: 0.21666666865348816
Row 293: Col 0: 1.0, Col 1: 0.0, Col 2: 0.0, Col 3: 1.0, Target: 0.15000000596046448
Row 294: Col 0: 1.0, Col 1: 0.0, Col 2: 1.0, Col 3: 1.0, Target: 0.28333333134651184
Row 295: Col 0: 1.0, Col 1: 0.0, Col 2: 1.0, Col 3: 1.0, Target: 0.25
Row 296: Col 0: 2.0, Col 1: 0.0, Col 2: 1.0, Col 3: 1.0, Target: 0.17016667127609253
Row 297: Col 0: 2.0, Col 1: 0.0, Col 2: 1.0, Col 3: 1.0, Target: 0.14149999618530273
Row 298: Col 0: 2.0, Col 1: 0.0, Col 2: 1.0, Col 3: 1.0, Target: 0.22769999504089355
Row 299: Col 0: 2.0, Col 1: 0.0, Col 2: 1.0, Col 3: 1.0, Target: 0.1656000018119812
Row 300: Col 0: 2.0, Col 1: 0.0, Col 2: 0.0, Col 3: 1.0, Target: 0.1963150054216385
Row 301: Col 0: 2.0, Col 1: 0.0, Col 2: 0.0, Col 3: 1.0, Target: 0.17450332641601562
Row 302: Col 0: 2.0, Col 1: 0.0, Col 2: 1.0, Col 3: 1.0, Target: 0.2433333396911621
Row 303: Col 0: 2.0, Col 1: 0.0, Col 2: 1.0, Col 3: 1.0, Target: 0.20499999821186066
Row 304: Col 0: 0.0, Col 1: 0.0, Col 2: 1.0, Col 3: 1.0, Target: 0.08725166320800781
Row 305: Col 0: 2.0, Col 1: 0.0, Col 2: 0.0, Col 3: 1.0, Target: 0.16500000655651093
Row 306: Col 0: 2.0, Col 1: 0.0, Col 2: 0.0, Col 3: 1.0, Target: 0.19333332777023315
Row 307: Col 0: 1.0, Col 1: 0.0, Col 2: 0.0, Col 3: 1.0, Target: 0.17710000276565552
Row 308: Col 0: 1.0, Col 1: 0.0, Col 2: 0.0, Col 3: 1.0, Target: 0.2108333259820938
Row 309: Col 0: 3.0, Col 1: 0.0, Col 2: 1.0, Col 3: 1.0, Target: 0.4033333361148834
Row 310: Col 0: 3.0, Col 1: 0.0, Col 2: 1.0, Col 3: 1.0, Target: 0.3333333432674408
Row 311: Col 0: 1.0, Col 1: 0.0, Col 2: 0.0, Col 3: 1.0, Target: 0.10906333476305008
Row 312: Col 0: 1.0, Col 1: 0.0, Col 2: 0.0, Col 3: 1.0, Target: 0.06543833017349243
Row 313: Col 0: 1.0, Col 1: 0.0, Col 2: 0.0, Col 3: 1.0, Target: 0.13087666034698486
Row 314: Col 0: 1.0, Col 1: 0.0, Col 2: 0.0, Col 3: 1.0, Target: 0.08725166320800781
Row 315: Col 0: 2.0, Col 1: 0.0, Col 2: 1.0, Col 3: 1.0, Target: 0.2753666639328003
Row 316: Col 0: 0.0, Col 1: 0.0, Col 2: 1.0, Col 3: 1.0, Target: 0.07634499669075012
Row 317: Col 0: 2.0, Col 1: 0.0, Col 2: 1.0, Col 3: 1.0, Target: 0.20026665925979614
Row 318: Col 0: 2.0, Col 1: 0.0, Col 2: 1.0, Col 3: 1.0, Target: 0.15053333342075348
Row 319: Col 0: 2.0, Col 1: 0.0, Col 2: 0.0, Col 3: 1.0, Target: 0.3032333254814148
Row 320: Col 0: 2.0, Col 1: 0.0, Col 2: 0.0, Col 3: 1.0, Target: 0.2205333262681961
Row 321: Col 0: 2.0, Col 1: 0.0, Col 2: 0.0, Col 3: 1.0, Target: 0.36684998869895935
Row 322: Col 0: 2.0, Col 1: 0.0, Col 2: 0.0, Col 3: 1.0, Target: 0.2667999863624573
Row 323: Col 0: 2.0, Col 1: 0.0, Col 2: 0.0, Col 3: 2.0, Target: 0.30000001192092896
Row 324: Col 0: 2.0, Col 1: 0.0, Col 2: 0.0, Col 3: 2.0, Target: 0.20000000298023224
Row 325: Col 0: 2.0, Col 1: 0.0, Col 2: 1.0, Col 3: 1.0, Target: 0.20698332786560059
Row 326: Col 0: 3.0, Col 1: 0.0, Col 2: 1.0, Col 3: 1.0, Target: 0.21666666865348816
Row 327: Col 0: 3.0, Col 1: 0.0, Col 2: 1.0, Col 3: 1.0, Target: 0.18333333730697632
Row 328: Col 0: 2.0, Col 1: 0.0, Col 2: 1.0, Col 3: 1.0, Target: 0.28333333134651184
Row 329: Col 0: 1.0, Col 1: 0.0, Col 2: 1.0, Col 3: 1.0, Target: 0.19249999523162842
Row 330: Col 0: 2.0, Col 1: 0.0, Col 2: 1.0, Col 3: 1.0, Target: 0.18816666305065155
Row 331: Col 0: 2.0, Col 1: 0.0, Col 2: 1.0, Col 3: 1.0, Target: 0.15053333342075348
Row 332: Col 0: 2.0, Col 1: 0.0, Col 2: 1.0, Col 3: 1.0, Target: 0.18816666305065155
Row 333: Col 0: 2.0, Col 1: 0.0, Col 2: 1.0, Col 3: 1.0, Target: 0.15053333342075348
Row 334: Col 0: 2.0, Col 1: 0.0, Col 2: 1.0, Col 3: 1.0, Target: 0.27566665410995483
Row 335: Col 0: 2.0, Col 1: 0.0, Col 2: 1.0, Col 3: 1.0, Target: 0.2205333262681961
Row 336: Col 0: 1.0, Col 1: 0.0, Col 2: 1.0, Col 3: 1.0, Target: 0.2783333361148834
Row 337: Col 0: 2.0, Col 1: 0.0, Col 2: 1.0, Col 3: 1.0, Target: 0.4065000116825104
Row 338: Col 0: 2.0, Col 1: 0.0, Col 2: 1.0, Col 3: 1.0, Target: 0.22766666114330292
Row 339: Col 0: 2.0, Col 1: 0.0, Col 2: 1.0, Col 3: 1.0, Target: 0.18213333189487457
Row 340: Col 0: 2.0, Col 1: 0.0, Col 2: 1.0, Col 3: 1.0, Target: 0.2147916704416275
Row 341: Col 0: 2.0, Col 1: 0.0, Col 2: 1.0, Col 3: 1.0, Target: 0.156166672706604
Row 342: Col 0: 3.0, Col 1: 0.0, Col 2: 1.0, Col 3: 1.0, Target: 0.3733333349227905
Row 343: Col 0: 3.0, Col 1: 0.0, Col 2: 1.0, Col 3: 1.0, Target: 0.2797916531562805
Row 344: Col 0: 3.0, Col 1: 0.0, Col 2: 1.0, Col 3: 1.0, Target: 0.2916666567325592
Row 345: Col 0: 2.0, Col 1: 0.0, Col 2: 1.0, Col 3: 1.0, Target: 0.26100000739097595
Row 346: Col 0: 2.0, Col 1: 0.0, Col 2: 0.0, Col 3: 1.0, Target: 0.18133333325386047
Row 347: Col 0: 2.0, Col 1: 0.0, Col 2: 0.0, Col 3: 1.0, Target: 0.15925000607967377
Row 348: Col 0: 2.0, Col 1: 0.0, Col 2: 0.0, Col 3: 2.0, Target: 0.18833333253860474
Row 349: Col 0: 2.0, Col 1: 0.0, Col 2: 1.0, Col 3: 1.0, Target: 0.22499999403953552
Row 350: Col 0: 2.0, Col 1: 0.0, Col 2: 1.0, Col 3: 1.0, Target: 0.26890334486961365
Row 351: Col 0: 2.0, Col 1: 0.0, Col 2: 1.0, Col 3: 1.0, Target: 0.22856833040714264
Row 352: Col 0: 2.0, Col 1: 0.0, Col 2: 1.0, Col 3: 1.0, Target: 0.2783333361148834
Row 353: Col 0: 2.0, Col 1: 0.0, Col 2: 1.0, Col 3: 1.0, Target: 0.20499999821186066
Row 354: Col 0: 2.0, Col 1: 0.0, Col 2: 0.0, Col 3: 1.0, Target: 0.13087666034698486
Row 355: Col 0: 2.0, Col 1: 0.0, Col 2: 0.0, Col 3: 1.0, Target: 0.10906333476305008
Row 356: Col 0: 2.0, Col 1: 0.0, Col 2: 0.0, Col 3: 1.0, Target: 0.25
Row 357: Col 0: 2.0, Col 1: 0.0, Col 2: 1.0, Col 3: 1.0, Target: 0.35249999165534973
Row 358: Col 0: 2.0, Col 1: 0.0, Col 2: 1.0, Col 3: 1.0, Target: 0.32066667079925537
Row 359: Col 0: 2.0, Col 1: 0.0, Col 2: 1.0, Col 3: 1.0, Target: 0.1511666625738144
Row 360: Col 0: 2.0, Col 1: 0.0, Col 2: 1.0, Col 3: 1.0, Target: 0.21666666865348816
Row 361: Col 0: 2.0, Col 1: 0.0, Col 2: 1.0, Col 3: 1.0, Target: 0.10216666758060455
Row 362: Col 0: 2.0, Col 1: 0.0, Col 2: 1.0, Col 3: 1.0, Target: 0.21666666865348816
Row 363: Col 0: 2.0, Col 1: 0.0, Col 2: 1.0, Col 3: 1.0, Target: 0.10216666758060455
Row 364: Col 0: 2.0, Col 1: 0.0, Col 2: 0.0, Col 3: 2.0, Target: 0.2666666805744171
Row 365: Col 0: 2.0, Col 1: 0.0, Col 2: 1.0, Col 3: 1.0, Target: 0.23100000619888306
Row 366: Col 0: 2.0, Col 1: 0.0, Col 2: 0.0, Col 3: 1.0, Target: 0.2266666740179062
Row 367: Col 0: 1.0, Col 1: 0.0, Col 2: 0.0, Col 3: 0.0, Target: 0.09666666388511658
Row 368: Col 0: 3.0, Col 1: 0.0, Col 2: 1.0, Col 3: 1.0, Target: 0.22499999403953552
Row 369: Col 0: 2.0, Col 1: 0.0, Col 2: 1.0, Col 3: 1.0, Target: 0.28333333134651184
Row 370: Col 0: 2.0, Col 1: 0.0, Col 2: 1.0, Col 3: 1.0, Target: 0.20499999821186066
Row 371: Col 0: 2.0, Col 1: 0.0, Col 2: 0.0, Col 3: 1.0, Target: 0.3160833418369293
Row 372: Col 0: 2.0, Col 1: 0.0, Col 2: 0.0, Col 3: 1.0, Target: 0.27499333024024963
Row 373: Col 0: 1.0, Col 1: 0.0, Col 2: 0.0, Col 3: 1.0, Target: 0.09159500151872635
Row 374: Col 0: 1.0, Col 1: 0.0, Col 2: 0.0, Col 3: 1.0, Target: 0.09159500151872635
Row 375: Col 0: 3.0, Col 1: 0.0, Col 2: 1.0, Col 3: 0.0, Target: 0.19697833061218262
Row 376: Col 0: 2.0, Col 1: 0.0, Col 2: 0.0, Col 3: 1.0, Target: 0.2199999988079071
Row 377: Col 0: 2.0, Col 1: 0.0, Col 2: 1.0, Col 3: 1.0, Target: 0.27566665410995483
Row 378: Col 0: 2.0, Col 1: 0.0, Col 2: 1.0, Col 3: 1.0, Target: 0.3479583263397217
Row 379: Col 0: 2.0, Col 1: 0.0, Col 2: 1.0, Col 3: 1.0, Target: 0.24633333086967468
Row 380: Col 0: 2.0, Col 1: 0.0, Col 2: 1.0, Col 3: 1.0, Target: 0.2283233404159546
Row 381: Col 0: 2.0, Col 1: 0.0, Col 2: 1.0, Col 3: 1.0, Target: 0.16928333044052124
Row 382: Col 0: 2.0, Col 1: 0.0, Col 2: 1.0, Col 3: 1.0, Target: 0.2147916704416275
Row 383: Col 0: 2.0, Col 1: 0.0, Col 2: 1.0, Col 3: 1.0, Target: 0.156166672706604
Row 384: Col 0: 3.0, Col 1: 0.0, Col 2: 0.5, Col 3: 2.0, Target: 0.13173167407512665
Row 385: Col 0: 2.0, Col 1: 0.0, Col 2: 1.0, Col 3: 1.0, Target: 0.2205333262681961
Row 386: Col 0: 0.0, Col 1: 0.0, Col 2: 1.0, Col 3: 2.0, Target: 0.062166668474674225
Row 387: Col 0: 2.0, Col 1: 0.0, Col 2: 0.0, Col 3: 1.0, Target: 0.273333340883255
Row 388: Col 0: 2.0, Col 1: 0.0, Col 2: 1.0, Col 3: 1.0, Target: 0.25833332538604736
Row 389: Col 0: 1.0, Col 1: 0.0, Col 2: 0.0, Col 3: 1.0, Target: 0.20722167193889618
Row 390: Col 0: 1.0, Col 1: 0.0, Col 2: 0.0, Col 3: 1.0, Target: 0.16359665989875793
Row 391: Col 0: 1.0, Col 1: 0.0, Col 2: 0.0, Col 3: 1.0, Target: 0.20000000298023224
Row 392: Col 0: 2.0, Col 1: 0.0, Col 2: 1.0, Col 3: 1.0, Target: 0.18816666305065155
Row 393: Col 0: 2.0, Col 1: 0.0, Col 2: 1.0, Col 3: 1.0, Target: 0.15053333342075348
Row 394: Col 0: 2.0, Col 1: 0.0, Col 2: 1.0, Col 3: 1.0, Target: 0.24166665971279144
Row 395: Col 0: 2.0, Col 1: 0.0, Col 2: 1.0, Col 3: 1.0, Target: 0.1756666600704193
Row 396: Col 0: 1.0, Col 1: 0.0, Col 2: 1.0, Col 3: 1.0, Target: 0.14655333757400513
Row 397: Col 0: 1.0, Col 1: 0.0, Col 2: 0.0, Col 3: 1.0, Target: 0.1963150054216385
Row 398: Col 0: 2.0, Col 1: 0.0, Col 2: 1.0, Col 3: 2.0, Target: 0.35883334279060364
Row 399: Col 0: 2.0, Col 1: 0.0, Col 2: 1.0, Col 3: 2.0, Target: 0.26366665959358215
Row 400: Col 0: 2.0, Col 1: 0.0, Col 2: 1.0, Col 3: 2.0, Target: 0.34850001335144043
Row 401: Col 0: 2.0, Col 1: 0.0, Col 2: 1.0, Col 3: 2.0, Target: 0.257666677236557
Row 402: Col 0: 2.0, Col 1: 0.0, Col 2: 0.0, Col 3: 1.0, Target: 0.19322332739830017
Row 403: Col 0: 2.0, Col 1: 0.0, Col 2: 0.0, Col 3: 1.0, Target: 0.13610999286174774
Row 404: Col 0: 2.0, Col 1: 0.0, Col 2: 1.0, Col 3: 1.0, Target: 0.2916666567325592
Row 405: Col 0: 1.0, Col 1: 0.0, Col 2: 0.0, Col 3: 1.0, Target: 0.16359665989875793
Row 406: Col 0: 1.0, Col 1: 0.0, Col 2: 0.0, Col 3: 0.0, Target: 0.09666666388511658
Row 407: Col 0: 2.0, Col 1: 0.0, Col 2: 1.0, Col 3: 2.0, Target: 0.3059999942779541
Row 408: Col 0: 1.0, Col 1: 0.0, Col 2: 1.0, Col 3: 1.0, Target: 0.08725166320800781
Row 409: Col 0: 2.0, Col 1: 0.0, Col 2: 1.0, Col 3: 1.0, Target: 0.30000001192092896
Row 410: Col 0: 1.0, Col 1: 0.0, Col 2: 0.0, Col 3: 1.0, Target: 0.11997000128030777
Row 411: Col 0: 1.0, Col 1: 0.0, Col 2: 0.0, Col 3: 1.0, Target: 0.07634499669075012
Row 412: Col 0: 1.0, Col 1: 0.0, Col 2: 1.0, Col 3: 1.0, Target: 0.10991500318050385
Row 413: Col 0: 1.0, Col 1: 0.0, Col 2: 1.0, Col 3: 1.0, Target: 0.0824349969625473
Row 414: Col 0: 1.0, Col 1: 0.0, Col 2: 1.0, Col 3: 1.0, Target: 0.13087666034698486
Row 415: Col 0: 1.0, Col 1: 0.0, Col 2: 1.0, Col 3: 1.0, Target: 0.09815666824579239
Row 416: Col 0: 2.0, Col 1: 0.0, Col 2: 1.0, Col 3: 1.0, Target: 0.4333333373069763
Row 417: Col 0: 2.0, Col 1: 0.0, Col 2: 1.0, Col 3: 2.0, Target: 0.10000000149011612
Row 418: Col 0: 1.0, Col 1: 0.0, Col 2: 0.0, Col 3: 1.0, Target: 0.10649999976158142
Row 419: Col 0: 1.0, Col 1: 0.0, Col 2: 1.0, Col 3: 2.0, Target: 0.2666666805744171
Row 420: Col 0: 1.0, Col 1: 0.0, Col 2: 1.0, Col 3: 2.0, Target: 0.18716666102409363
Row 421: Col 0: 1.0, Col 1: 0.0, Col 2: 1.0, Col 3: 1.0, Target: 0.40166667103767395
Row 422: Col 0: 1.0, Col 1: 0.0, Col 2: 1.0, Col 3: 1.0, Target: 0.26499998569488525
Row 423: Col 0: 2.0, Col 1: 0.0, Col 2: 0.0, Col 3: 1.0, Target: 0.30000001192092896
Row 424: Col 0: 2.0, Col 1: 0.0, Col 2: 0.0, Col 3: 1.0, Target: 0.13333334028720856
Row 425: Col 0: 1.0, Col 1: 0.0, Col 2: 0.0, Col 3: 1.0, Target: 0.1381666660308838
Row 426: Col 0: 2.0, Col 1: 0.0, Col 2: 1.0, Col 3: 2.0, Target: 0.1679999977350235
Row 427: Col 0: 1.0, Col 1: 0.0, Col 2: 1.0, Col 3: 1.0, Target: 0.0824349969625473
Row 428: Col 0: 2.0, Col 1: 0.0, Col 2: 0.0, Col 3: 2.0, Target: 0.23399999737739563
Row 429: Col 0: 1.0, Col 1: 0.0, Col 2: 1.0, Col 3: 1.0, Target: 0.06543833017349243
Row 430: Col 0: 1.0, Col 1: 0.0, Col 2: 1.0, Col 3: 1.0, Target: 0.07327666878700256
Row 431: Col 0: 1.0, Col 1: 0.0, Col 2: 1.0, Col 3: 1.0, Target: 0.05495666712522507
Row 432: Col 0: 1.0, Col 1: 0.0, Col 2: 1.0, Col 3: 1.0, Target: 0.14655333757400513
Row 433: Col 0: 1.0, Col 1: 0.0, Col 2: 1.0, Col 3: 1.0, Target: 0.12823332846164703
Row 434: Col 0: 1.0, Col 1: 0.0, Col 2: 1.0, Col 3: 1.0, Target: 0.17450332641601562
Row 435: Col 0: 1.0, Col 1: 0.0, Col 2: 1.0, Col 3: 1.0, Target: 0.15268999338150024
Row 436: Col 0: 1.0, Col 1: 0.0, Col 2: 1.0, Col 3: 1.0, Target: 0.10991500318050385
Row 437: Col 0: 1.0, Col 1: 0.0, Col 2: 1.0, Col 3: 1.0, Target: 0.14655333757400513
Row 438: Col 0: 2.0, Col 1: 0.0, Col 2: 0.0, Col 3: 1.0, Target: 0.3160833418369293
Row 439: Col 0: 2.0, Col 1: 0.0, Col 2: 0.0, Col 3: 1.0, Target: 0.27499333024024963
Row 440: Col 0: 1.0, Col 1: 0.0, Col 2: 1.0, Col 3: 1.0, Target: 0.07327666878700256
Row 441: Col 0: 1.0, Col 1: 0.0, Col 2: 1.0, Col 3: 1.0, Target: 0.05495666712522507
Row 442: Col 0: 1.0, Col 1: 0.0, Col 2: 1.0, Col 3: 1.0, Target: 0.16359665989875793
Row 443: Col 0: 1.0, Col 1: 0.0, Col 2: 1.0, Col 3: 1.0, Target: 0.13087666034698486
Row 444: Col 0: 2.0, Col 1: 0.0, Col 2: 0.0, Col 3: 2.0, Target: 0.35883334279060364
Row 445: Col 0: 1.0, Col 1: 0.0, Col 2: 1.0, Col 3: 1.0, Target: 0.12823332846164703
Row 446: Col 0: 2.0, Col 1: 0.0, Col 2: 1.0, Col 3: 2.0, Target: 0.34850001335144043
Row 447: Col 0: 2.0, Col 1: 0.0, Col 2: 1.0, Col 3: 2.0, Target: 0.257666677236557
Row 448: Col 0: 2.0, Col 1: 0.0, Col 2: 1.0, Col 3: 1.0, Target: 0.30000001192092896
Row 449: Col 0: 0.0, Col 1: 0.0, Col 2: 1.0, Col 3: 2.0, Target: 0.03663833439350128
Row 450: Col 0: 2.0, Col 1: 0.0, Col 2: 1.0, Col 3: 1.0, Target: 0.13333334028720856
Row 451: Col 0: 1.0, Col 1: 0.0, Col 2: 1.0, Col 3: 1.0, Target: 0.1313183307647705
Row 452: Col 0: 3.0, Col 1: 0.0, Col 2: 0.5, Col 3: 2.0, Target: 0.32829833030700684
Row 453: Col 0: 1.0, Col 1: 0.0, Col 2: 1.0, Col 3: 0.0, Target: 0.20000000298023224
Row 454: Col 0: 0.0, Col 1: 0.0, Col 2: 0.0, Col 3: 1.0, Target: 0.2083333283662796
Row 455: Col 0: 1.0, Col 1: 0.0, Col 2: 0.5, Col 3: 2.0, Target: 0.062059998512268066
Row 456: Col 0: 2.0, Col 1: 0.0, Col 2: 1.0, Col 3: 1.0, Target: 0.17499999701976776
Row 457: Col 0: 2.0, Col 1: 0.0, Col 2: 0.0, Col 3: 1.0, Target: 0.14655333757400513
Row 458: Col 0: 1.0, Col 1: 0.0, Col 2: 1.0, Col 3: 1.0, Target: 0.030736666172742844
Row 459: Col 0: 1.0, Col 1: 0.0, Col 2: 1.0, Col 3: 2.0, Target: 0.05269166827201843
Row 460: Col 0: 1.0, Col 1: 0.0, Col 2: 0.5, Col 3: 2.0, Target: 0.0970916673541069
Row 461: Col 0: 0.0, Col 1: 0.0, Col 2: 0.5, Col 3: 2.0, Target: 0.1666666716337204
Row 462: Col 0: 1.0, Col 1: 2.0, Col 2: 0.5, Col 3: 2.0, Target: 0.09159500151872635
Row 463: Col 0: 0.0, Col 1: 0.0, Col 2: 1.0, Col 3: 1.0, Target: 0.030736666172742844
Row 464: Col 0: 2.0, Col 1: 0.0, Col 2: 1.0, Col 3: 1.0, Target: 0.27112331986427307
Row 465: Col 0: 0.0, Col 1: 0.0, Col 2: 1.0, Col 3: 1.0, Target: 0.20000000298023224
Row 466: Col 0: 2.0, Col 1: 0.0, Col 2: 0.5, Col 3: 2.0, Target: 0.23999999463558197
Row 467: Col 0: 2.0, Col 1: 0.0, Col 2: 1.0, Col 3: 1.0, Target: 0.17481666803359985
Row 468: Col 0: 2.0, Col 1: 0.0, Col 2: 1.0, Col 3: 1.0, Target: 0.1666666716337204
Row 469: Col 0: 2.0, Col 1: 0.0, Col 2: 1.0, Col 3: 1.0, Target: 0.23333333432674408
Row 470: Col 0: 1.0, Col 1: 0.0, Col 2: 1.0, Col 3: 1.0, Target: 0.22499999403953552
Row 471: Col 0: 1.0, Col 1: 0.0, Col 2: 1.0, Col 3: 1.0, Target: 0.0833333358168602
Row 472: Col 0: 2.0, Col 1: 0.0, Col 2: 1.0, Col 3: 1.0, Target: 0.36666667461395264
Row 473: Col 0: 2.0, Col 1: 0.0, Col 2: 1.0, Col 3: 1.0, Target: 0.23333333432674408
Row 474: Col 0: 1.0, Col 1: 0.0, Col 2: 0.0, Col 3: 1.0, Target: 0.3053799867630005
Row 475: Col 0: 1.0, Col 1: 0.0, Col 2: 0.0, Col 3: 1.0, Target: 0.15268999338150024
Row 476: Col 0: 2.0, Col 1: 0.0, Col 2: 1.0, Col 3: 1.0, Target: 0.3084999918937683
Row 477: Col 0: 2.0, Col 1: 0.0, Col 2: 1.0, Col 3: 1.0, Target: 0.36666667461395264
Row 478: Col 0: 1.0, Col 1: 0.0, Col 2: 1.0, Col 3: 1.0, Target: 0.3333333432674408
Row 479: Col 0: 1.0, Col 1: 0.0, Col 2: 1.0, Col 3: 1.0, Target: 0.20000000298023224
Row 480: Col 0: 2.0, Col 1: 0.0, Col 2: 1.0, Col 3: 0.0, Target: 0.20000000298023224
Row 481: Col 0: 2.0, Col 1: 0.0, Col 2: 1.0, Col 3: 0.0, Target: 0.10833333432674408
Row 482: Col 0: 3.0, Col 1: 0.0, Col 2: 1.0, Col 3: 1.0, Target: 0.5400000214576721
Row 483: Col 0: 3.0, Col 1: 0.0, Col 2: 1.0, Col 3: 1.0, Target: 0.36000001430511475
Row 484: Col 0: 2.0, Col 1: 0.0, Col 2: 1.0, Col 3: 1.0, Target: 0.3499999940395355
Row 485: Col 0: 2.0, Col 1: 0.0, Col 2: 1.0, Col 3: 1.0, Target: 0.20000000298023224
Row 486: Col 0: 2.0, Col 1: 0.0, Col 2: 1.0, Col 3: 1.0, Target: 0.38333332538604736
Row 487: Col 0: 0.0, Col 1: 2.0, Col 2: 0.5, Col 3: 1.0, Target: 0.1666666716337204
Row 488: Col 0: 1.0, Col 1: 3.0, Col 2: 1.0, Col 3: 1.0, Target: 0.1666666716337204
Row 489: Col 0: 0.0, Col 1: 1.0, Col 2: 1.0, Col 3: 1.0, Target: 0.05312500149011612
Row 490: Col 0: 2.0, Col 1: 0.0, Col 2: 1.0, Col 3: 1.0, Target: 0.3333333432674408
Row 491: Col 0: 1.0, Col 1: 0.0, Col 2: 1.0, Col 3: 0.0, Target: 0.125
Row 492: Col 0: 1.0, Col 1: 0.0, Col 2: 1.0, Col 3: 2.0, Target: 0.059316664934158325
Row 493: Col 0: 2.0, Col 1: 0.0, Col 2: 1.0, Col 3: 1.0, Target: 0.1313183307647705
Row 494: Col 0: 2.0, Col 1: 0.0, Col 2: 1.0, Col 3: 1.0, Target: 0.1666666716337204
Row 495: Col 0: 1.0, Col 1: 0.0, Col 2: 0.5, Col 3: 1.0, Target: 0.2549999952316284
Row 496: Col 0: 0.0, Col 1: 0.0, Col 2: 1.0, Col 3: 1.0, Target: 0.09672500193119049
Row 497: Col 0: 2.0, Col 1: 0.0, Col 2: 1.0, Col 3: 1.0, Target: 0.2750000059604645
Row 498: Col 0: 2.0, Col 1: 0.0, Col 2: 0.5, Col 3: 2.0, Target: 0.15571166574954987
Row 499: Col 0: 0.0, Col 1: 0.0, Col 2: 1.0, Col 3: 2.0, Target: 0.08732666820287704
Row 500: Col 0: 2.0, Col 1: 0.0, Col 2: 1.0, Col 3: 2.0, Target: 0.1044183298945427
Row 501: Col 0: 1.0, Col 1: 0.0, Col 2: 1.0, Col 3: 0.0, Target: 0.05495666712522507
Row 502: Col 0: 0.0, Col 1: 0.0, Col 2: 1.0, Col 3: 2.0, Target: 0.06666667014360428
Row 503: Col 0: 1.0, Col 1: 0.0, Col 2: 1.0, Col 3: 2.0, Target: 0.1457083374261856
Row 504: Col 0: 2.0, Col 1: 0.0, Col 2: 1.0, Col 3: 1.0, Target: 0.19166666269302368
Row 505: Col 0: 0.0, Col 1: 0.0, Col 2: 0.5, Col 3: 1.0, Target: 0.14450499415397644
Row 506: Col 0: 1.0, Col 1: 0.0, Col 2: 1.0, Col 3: 2.0, Target: 0.125
Row 507: Col 0: 1.0, Col 1: 0.0, Col 2: 0.0, Col 3: 2.0, Target: 0.10808166861534119
Row 508: Col 0: 0.0, Col 1: 0.0, Col 2: 1.0, Col 3: 2.0, Target: 0.20000000298023224
Row 509: Col 0: 1.0, Col 1: 0.0, Col 2: 1.0, Col 3: 2.0, Target: 0.2616666555404663
Row 510: Col 0: 0.0, Col 1: 0.0, Col 2: 1.0, Col 3: 0.0, Target: 0.25
Row 511: Col 0: 1.0, Col 1: 0.0, Col 2: 0.5, Col 3: 2.0, Target: 0.11818666756153107
Row 512: Col 0: 0.0, Col 1: 0.0, Col 2: 1.0, Col 3: 0.0, Target: 0.10833333432674408
Row 513: Col 0: 2.0, Col 1: 0.0, Col 2: 1.0, Col 3: 0.0, Target: 0.11907333135604858
Row 514: Col 0: 0.0, Col 1: 0.0, Col 2: 0.0, Col 3: 1.0, Target: 0.03333333507180214
Row 515: Col 0: 1.0, Col 1: 0.0, Col 2: 1.0, Col 3: 0.0, Target: 0.07999999821186066
Row 516: Col 0: 2.0, Col 1: 0.0, Col 2: 1.0, Col 3: 1.0, Target: 0.2541666626930237
Row 517: Col 0: 1.0, Col 1: 0.0, Col 2: 1.0, Col 3: 1.0, Target: 0.11357833445072174
Row 518: Col 0: 1.0, Col 1: 0.0, Col 2: 0.0, Col 3: 2.0, Target: 0.2039099931716919
Row 519: Col 0: 2.0, Col 1: 0.0, Col 2: 1.0, Col 3: 2.0, Target: 0.6333333253860474
Row 520: Col 0: 1.0, Col 1: 0.0, Col 2: 1.0, Col 3: 1.0, Target: 0.11556000262498856
Row 521: Col 0: 0.0, Col 1: 0.0, Col 2: 1.0, Col 3: 1.0, Target: 0.01666666753590107
Row 522: Col 0: 1.0, Col 1: 0.0, Col 2: 1.0, Col 3: 0.0, Target: 0.03333333507180214
Row 523: Col 0: 2.0, Col 1: 0.0, Col 2: 1.0, Col 3: 2.0, Target: 0.675000011920929
Row 524: Col 0: 1.0, Col 1: 0.0, Col 2: 1.0, Col 3: 2.0, Target: 0.22499999403953552
Row 525: Col 0: 2.0, Col 1: 0.0, Col 2: 1.0, Col 3: 2.0, Target: 0.29499998688697815
Row 526: Col 0: 1.0, Col 1: 0.0, Col 2: 1.0, Col 3: 1.0, Target: 0.12999999523162842
Row 527: Col 0: 2.0, Col 1: 0.0, Col 2: 1.0, Col 3: 1.0, Target: 0.22499999403953552
Row 528: Col 0: 2.0, Col 1: 0.0, Col 2: 1.0, Col 3: 1.0, Target: 0.1666666716337204
Row 529: Col 0: 2.0, Col 1: 0.0, Col 2: 1.0, Col 3: 1.0, Target: 0.15053333342075348
Row 530: Col 0: 1.0, Col 1: 0.0, Col 2: 0.0, Col 3: 1.0, Target: 0.14166666567325592
Row 531: Col 0: 1.0, Col 1: 0.0, Col 2: 0.0, Col 3: 1.0, Target: 0.125
Row 532: Col 0: 2.0, Col 1: 0.0, Col 2: 1.0, Col 3: 1.0, Target: 0.3566666543483734
Row 533: Col 0: 2.0, Col 1: 0.0, Col 2: 1.0, Col 3: 1.0, Target: 0.32100000977516174
Row 534: Col 0: 2.0, Col 1: 0.0, Col 2: 1.0, Col 3: 1.0, Target: 0.4440000057220459
Row 535: Col 0: 2.0, Col 1: 0.0, Col 2: 1.0, Col 3: 1.0, Target: 0.35519999265670776
Row 536: Col 0: 2.0, Col 1: 0.0, Col 2: 1.0, Col 3: 1.0, Target: 0.18816666305065155
Row 537: Col 0: 2.0, Col 1: 0.0, Col 2: 1.0, Col 3: 1.0, Target: 0.25833332538604736
Row 538: Col 0: 1.0, Col 1: 0.0, Col 2: 0.0, Col 3: 1.0, Target: 0.23549999296665192
Row 539: Col 0: 1.0, Col 1: 0.0, Col 2: 0.0, Col 3: 1.0, Target: 0.17016667127609253
Row 540: Col 0: 2.0, Col 1: 0.0, Col 2: 1.0, Col 3: 1.0, Target: 0.19322332739830017
Row 541: Col 0: 2.0, Col 1: 0.0, Col 2: 1.0, Col 3: 1.0, Target: 0.13610999286174774
Row 542: Col 0: 1.0, Col 1: 0.0, Col 2: 0.0, Col 3: 1.0, Target: 0.34449833631515503
Row 543: Col 0: 1.0, Col 1: 0.0, Col 2: 0.0, Col 3: 1.0, Target: 0.16516666114330292
Row 544: Col 0: 2.0, Col 1: 0.0, Col 2: 1.0, Col 3: 1.0, Target: 0.21666666865348816
Row 545: Col 0: 2.0, Col 1: 0.0, Col 2: 1.0, Col 3: 1.0, Target: 0.19166666269302368
Row 546: Col 0: 2.0, Col 1: 0.0, Col 2: 1.0, Col 3: 1.0, Target: 0.18416666984558105
Row 547: Col 0: 2.0, Col 1: 0.0, Col 2: 1.0, Col 3: 1.0, Target: 0.21666666865348816
Row 548: Col 0: 2.0, Col 1: 0.0, Col 2: 1.0, Col 3: 1.0, Target: 0.16508333384990692
Row 549: Col 0: 2.0, Col 1: 0.0, Col 2: 1.0, Col 3: 1.0, Target: 0.2666666805744171
Row 550: Col 0: 2.0, Col 1: 0.0, Col 2: 0.0, Col 3: 2.0, Target: 0.3421666622161865
Row 551: Col 0: 2.0, Col 1: 0.0, Col 2: 0.0, Col 3: 2.0, Target: 0.23399999737739563
Row 552: Col 0: 2.0, Col 1: 0.0, Col 2: 1.0, Col 3: 1.0, Target: 0.2933333218097687
Row 553: Col 0: 2.0, Col 1: 0.0, Col 2: 1.0, Col 3: 1.0, Target: 0.23999999463558197
Row 554: Col 0: 2.0, Col 1: 0.0, Col 2: 1.0, Col 3: 1.0, Target: 0.3334999978542328
Row 555: Col 0: 2.0, Col 1: 0.0, Col 2: 1.0, Col 3: 1.0, Target: 0.2666666805744171
Row 556: Col 0: 2.0, Col 1: 0.0, Col 2: 1.0, Col 3: 1.0, Target: 0.24166665971279144
Row 557: Col 0: 2.0, Col 1: 0.0, Col 2: 0.0, Col 3: 1.0, Target: 0.11749999970197678
Row 558: Col 0: 2.0, Col 1: 0.0, Col 2: 0.0, Col 3: 1.0, Target: 0.3421666622161865
Row 559: Col 0: 2.0, Col 1: 0.0, Col 2: 0.0, Col 3: 1.0, Target: 0.23399999737739563
Row 560: Col 0: 2.0, Col 1: 0.0, Col 2: 0.0, Col 3: 1.0, Target: 0.3421666622161865
Row 561: Col 0: 2.0, Col 1: 0.0, Col 2: 0.0, Col 3: 1.0, Target: 0.30783334374427795
Row 562: Col 0: 2.0, Col 1: 0.0, Col 2: 1.0, Col 3: 1.0, Target: 0.2918333411216736
Row 563: Col 0: 2.0, Col 1: 0.0, Col 2: 1.0, Col 3: 1.0, Target: 0.23375000059604645
Row 564: Col 0: 2.0, Col 1: 0.0, Col 2: 1.0, Col 3: 1.0, Target: 0.19358333945274353
Row 565: Col 0: 2.0, Col 1: 0.0, Col 2: 0.0, Col 3: 1.0, Target: 0.09000000357627869
Row 566: Col 0: 2.0, Col 1: 0.0, Col 2: 1.0, Col 3: 1.0, Target: 0.28333333134651184
Row 567: Col 0: 1.0, Col 1: 0.0, Col 2: 0.0, Col 3: 1.0, Target: 0.10906333476305008
Row 568: Col 0: 2.0, Col 1: 0.0, Col 2: 1.0, Col 3: 1.0, Target: 0.13333334028720856
Row 569: Col 0: 2.0, Col 1: 0.0, Col 2: 1.0, Col 3: 1.0, Target: 0.23333333432674408
Row 570: Col 0: 2.0, Col 1: 0.0, Col 2: 1.0, Col 3: 1.0, Target: 0.3499999940395355
Row 571: Col 0: 2.0, Col 1: 0.0, Col 2: 1.0, Col 3: 1.0, Target: 0.23333333432674408
Row 572: Col 0: 2.0, Col 1: 0.0, Col 2: 1.0, Col 3: 1.0, Target: 0.1666666716337204
Row 573: Col 0: 2.0, Col 1: 0.0, Col 2: 1.0, Col 3: 1.0, Target: 0.11500000208616257
Row 574: Col 0: 2.0, Col 1: 0.0, Col 2: 1.0, Col 3: 1.0, Target: 0.3499999940395355
Row 575: Col 0: 2.0, Col 1: 0.0, Col 2: 1.0, Col 3: 1.0, Target: 0.23333333432674408
Row 576: Col 0: 2.0, Col 1: 0.0, Col 2: 1.0, Col 3: 1.0, Target: 0.3499999940395355
Row 577: Col 0: 2.0, Col 1: 0.0, Col 2: 1.0, Col 3: 1.0, Target: 0.250124990940094
Row 578: Col 0: 2.0, Col 1: 0.0, Col 2: 1.0, Col 3: 1.0, Target: 0.1666666716337204
Row 579: Col 0: 2.0, Col 1: 0.0, Col 2: 1.0, Col 3: 1.0, Target: 0.0416666679084301
Row 580: Col 0: 2.0, Col 1: 0.0, Col 2: 1.0, Col 3: 1.0, Target: 0.2108333259820938
Row 581: Col 0: 2.0, Col 1: 0.0, Col 2: 1.0, Col 3: 1.0, Target: 0.17710000276565552
Row 582: Col 0: 2.0, Col 1: 0.0, Col 2: 1.0, Col 3: 1.0, Target: 0.36684998869895935
Row 583: Col 0: 2.0, Col 1: 0.0, Col 2: 1.0, Col 3: 1.0, Target: 0.2667999863624573
Row 584: Col 0: 2.0, Col 1: 0.0, Col 2: 1.0, Col 3: 1.0, Target: 0.17499999701976776
Row 585: Col 0: 2.0, Col 1: 0.0, Col 2: 1.0, Col 3: 1.0, Target: 0.1848749965429306
Row 586: Col 0: 1.0, Col 1: 0.0, Col 2: 0.0, Col 3: 1.0, Target: 0.07634499669075012
Row 587: Col 0: 2.0, Col 1: 0.0, Col 2: 1.0, Col 3: 1.0, Target: 0.23333333432674408
Row 588: Col 0: 2.0, Col 1: 0.0, Col 2: 0.0, Col 3: 1.0, Target: 0.16500000655651093
Row 589: Col 0: 2.0, Col 1: 0.0, Col 2: 1.0, Col 3: 1.0, Target: 0.10000000149011612
Row 590: Col 0: 2.0, Col 1: 0.0, Col 2: 1.0, Col 3: 1.0, Target: 0.3209399878978729
Row 591: Col 0: 2.0, Col 1: 0.0, Col 2: 1.0, Col 3: 1.0, Target: 0.2414233386516571
Row 592: Col 0: 2.0, Col 1: 0.0, Col 2: 1.0, Col 3: 1.0, Target: 0.38333332538604736
Row 593: Col 0: 2.0, Col 1: 0.0, Col 2: 1.0, Col 3: 1.0, Target: 0.25
Row 594: Col 0: 2.0, Col 1: 0.0, Col 2: 1.0, Col 3: 1.0, Target: 0.2504333257675171
Row 595: Col 0: 2.0, Col 1: 0.0, Col 2: 1.0, Col 3: 1.0, Target: 0.18213333189487457
Row 596: Col 0: 2.0, Col 1: 0.0, Col 2: 1.0, Col 3: 1.0, Target: 0.3499999940395355
Row 597: Col 0: 2.0, Col 1: 0.0, Col 2: 1.0, Col 3: 1.0, Target: 0.28333333134651184
Row 598: Col 0: 1.0, Col 1: 0.0, Col 2: 1.0, Col 3: 1.0, Target: 0.2666666805744171
Row 599: Col 0: 1.0, Col 1: 0.0, Col 2: 1.0, Col 3: 1.0, Target: 0.21666666865348816
Row 600: Col 0: 0.0, Col 1: 0.0, Col 2: 0.0, Col 3: 1.0, Target: 0.11166666448116302
Row 601: Col 0: 0.0, Col 1: 0.0, Col 2: 0.0, Col 3: 1.0, Target: 0.08666666597127914
Row 602: Col 0: 2.0, Col 1: 0.0, Col 2: 1.0, Col 3: 1.0, Target: 0.2566666603088379
Row 603: Col 0: 2.0, Col 1: 0.0, Col 2: 1.0, Col 3: 1.0, Target: 0.20999999344348907
Row 604: Col 0: 2.0, Col 1: 0.0, Col 2: 0.0, Col 3: 1.0, Target: 0.2150000035762787
Row 605: Col 0: 2.0, Col 1: 0.0, Col 2: 1.0, Col 3: 1.0, Target: 0.25
Row 606: Col 0: 1.0, Col 1: 0.0, Col 2: 1.0, Col 3: 2.0, Target: 0.3333333432674408